Player,Team,Position,ruATT,ruYDS,ruTDS,reREC,reYDS,reTDS,paATT,paCMP,paYDS,paTDS,INTS
Ja'Marr Chase,CIN,WR,1.6,11.5,0.0,119.4,1543.1,12.0,0.0,0.0,0.0,0.0,0.0
Bijan Robinson,ATL,RB,299.5,1399.2,11.3,55.2,418.0,2.2,0.0,0.0,0.0,0.0,0.0
Jahmyr Gibbs,DET,RB,239.7,1244.7,11.7,54.9,487.8,2.7,0.0,0.0,0.0,0.0,0.0
Saquon Barkley,PHI,RB,321.2,1631.0,10.7,37.1,284.0,2.0,0.0,0.0,0.0,0.0,0.0
Justin Jefferson,MIN,WR,0.5,3.6,0.0,103.3,1436.9,9.0,0.0,0.0,0.0,0.0,0.0
CeeDee Lamb,DAL,WR,9.2,59.3,0.3,109.8,1327.6,7.6,0.0,0.0,0.0,0.0,0.0
Christian McCaffrey,SF,RB,243.4,1101.1,8.0,63.7,553.5,3.4,0.0,0.0,0.0,0.0,0.0
Puka Nacua,LAR,WR,10.7,61.5,0.6,104.0,1358.2,6.5,0.0,0.0,0.0,0.0,0.0
Amon-Ra St. Brown,DET,WR,1.9,12.6,0.1,109.1,1249.2,8.9,0.0,0.0,0.0,0.0,0.0
De'Von Achane,MIA,RB,214.2,998.7,7.3,68.2,507.3,4.0,0.0,0.0,0.0,0.0,0.0
Malik Nabers,NYG,WR,2.6,11.6,0.0,104.1,1271.6,7.7,0.0,0.0,0.0,0.0,0.0
Derrick Henry,BAL,RB,306.1,1554.4,13.7,16.4,154.4,0.9,0.0,0.0,0.0,0.0,0.0
Josh Jacobs,GB,RB,296.8,1251.4,11.5,38.3,318.4,1.5,0.0,0.0,0.0,0.0,0.0
Brian Thomas Jr.,JAC,WR,3.8,25.3,0.0,90.6,1267.4,8.3,0.0,0.0,0.0,0.0,0.0
Nico Collins,HOU,WR,0.0,1.4,0.0,89.4,1281.1,8.5,0.0,0.0,0.0,0.0,0.0
Ladd McConkey,LAC,WR,0.0,1.4,0.0,93.6,1248.2,7.6,0.0,0.0,0.0,0.0,0.0
Ashton Jeanty,LV,RB,273.7,1203.3,8.7,45.0,354.9,1.9,0.0,0.0,0.0,0.0,0.0
Bucky Irving,TB,RB,246.7,1165.7,8.8,44.4,344.1,1.7,0.0,0.0,0.0,0.0,0.0
Drake London,ATL,WR,0.3,2.0,0.0,92.6,1162.2,7.8,0.0,0.0,0.0,0.0,0.0
Tee Higgins,CIN,WR,0.0,0.0,0.0,89.0,1128.5,9.1,0.0,0.0,0.0,0.0,0.0
Tyreek Hill,MIA,WR,7.2,33.3,0.1,92.0,1135.8,7.5,0.0,0.0,0.0,0.0,0.0
Mike Evans,TB,WR,0.6,2.8,0.0,80.5,1085.1,10.0,0.0,0.0,0.0,0.0,0.0
Jonathan Taylor,IND,RB,309.2,1396.0,9.8,25.6,192.4,1.1,0.0,0.0,0.0,0.0,0.0
A.J. Brown,PHI,WR,0.0,0.0,0.0,80.8,1189.1,8.1,0.0,0.0,0.0,0.0,0.0
Chase Brown,CIN,RB,232.2,969.6,7.9,52.5,364.8,2.7,0.0,0.0,0.0,0.0,0.0
Kyren Williams,LAR,RB,278.1,1187.9,11.0,33.6,213.9,1.7,0.0,0.0,0.0,0.0,0.0
Terry McLaurin,WAS,WR,1.0,4.5,0.0,82.7,1104.9,8.5,0.0,0.0,0.0,0.0,0.0
Jaxon Smith-Njigba,SEA,WR,2.6,17.7,0.0,93.2,1090.2,6.4,0.0,0.0,0.0,0.0,0.0
Brock Bowers,LV,TE,0.0,8.0,0.0,100.0,1071.9,5.7,0.0,0.0,0.0,0.0,0.0
Alvin Kamara,NO,RB,215.0,889.4,5.1,62.8,475.4,2.0,0.0,0.0,0.0,0.0,0.0
James Cook,BUF,RB,239.9,1108.1,10.3,31.6,264.5,1.9,0.0,0.0,0.0,0.0,0.0
Breece Hall,NYJ,RB,218.5,988.7,6.0,51.6,412.2,2.2,0.0,0.0,0.0,0.0,0.0
Garrett Wilson,NYJ,WR,1.9,13.3,0.0,92.9,1079.9,6.0,0.0,0.0,0.0,0.0,0.0
Davante Adams,LAR,WR,0.3,0.0,0.0,81.9,1055.8,8.0,0.0,0.0,0.0,0.0,0.0
Trey McBride,ARI,TE,0.0,1.5,0.0,99.2,1003.0,5.4,0.0,0.0,0.0,0.0,0.0
Marvin Harrison Jr.,ARI,WR,0.0,0.0,0.0,78.2,1084.3,7.7,0.0,0.0,0.0,0.0,0.0
Joe Mixon,HOU,RB,244.2,985.3,8.9,38.8,302.3,1.7,0.0,0.0,0.0,0.0,0.0
James Conner,ARI,RB,224.2,1014.8,8.2,40.4,308.5,1.5,0.0,0.0,0.0,0.0,0.0
DK Metcalf,PIT,WR,0.0,0.0,0.0,75.6,1109.5,7.2,0.0,0.0,0.0,0.0,0.0
Kenneth Walker III,SEA,RB,238.3,966.6,8.3,42.5,305.2,1.3,0.0,0.0,0.0,0.0,0.0
Zay Flowers,BAL,WR,8.2,48.4,0.1,76.1,1047.9,6.4,0.0,0.0,0.0,0.0,0.0
DJ Moore,CHI,WR,9.5,53.2,0.1,85.4,985.2,6.0,0.0,0.0,0.0,0.0,0.0
Courtland Sutton,DEN,WR,0.0,0.2,0.0,75.9,1006.0,7.4,0.0,0.0,0.0,0.0,0.0
George Kittle,SF,TE,0.0,0.0,0.0,74.3,1005.7,7.3,0.0,0.0,0.0,0.0,0.0
DeVonta Smith,PHI,WR,0.3,1.2,0.0,80.2,972.8,6.8,0.0,0.0,0.0,0.0,0.0
Aaron Jones Sr.,MIN,RB,219.4,976.3,4.7,45.3,340.2,2.3,0.0,0.0,0.0,0.0,0.0
Jakobi Meyers,LV,WR,1.3,9.2,0.0,82.8,975.0,5.4,0.0,0.0,0.0,0.0,0.0
Jerry Jeudy,CLE,WR,0.3,2.2,0.0,79.8,1077.5,4.1,0.0,0.0,0.0,0.0,0.0
Calvin Ridley,TEN,WR,5.6,35.9,0.3,69.7,1010.7,6.0,0.0,0.0,0.0,0.0,0.0
Omarion Hampton,LAC,RB,205.4,912.3,7.8,37.0,282.2,1.6,0.0,0.0,0.0,0.0,0.0
Xavier Worthy,KC,WR,15.6,84.4,1.3,67.8,831.3,6.9,0.0,0.0,0.0,0.0,0.0
Chuba Hubbard,CAR,RB,224.2,1011.0,7.2,37.4,227.5,1.1,0.0,0.0,0.0,0.0,0.0
D'Andre Swift,CHI,RB,244.6,982.7,6.3,36.9,284.9,1.2,0.0,0.0,0.0,0.0,0.0
Jaylen Waddle,MIA,WR,2.5,11.3,0.0,74.9,963.9,4.9,0.0,0.0,0.0,0.0,0.0
Jameson Williams,DET,WR,7.4,64.2,0.8,59.4,954.6,6.0,0.0,0.0,0.0,0.0,0.0
Chris Godwin,TB,WR,0.8,4.0,0.0,77.3,890.3,5.8,0.0,0.0,0.0,0.0,0.0
George Pickens,DAL,WR,1.0,6.2,0.0,66.5,984.7,6.0,0.0,0.0,0.0,0.0,0.0
Rashee Rice,KC,WR,1.1,3.4,0.0,75.3,874.0,6.1,0.0,0.0,0.0,0.0,0.0
Tony Pollard,TEN,RB,231.3,970.9,5.3,38.5,244.7,0.9,0.0,0.0,0.0,0.0,0.0
Deebo Samuel Sr.,WAS,WR,30.0,130.7,1.2,64.0,808.0,5.1,0.0,0.0,0.0,0.0,0.0
Chris Olave,NO,WR,0.3,2.8,0.0,75.0,936.3,4.4,0.0,0.0,0.0,0.0,0.0
Travis Hunter,JAC,WR,3.8,22.4,0.1,69.4,902.0,5.2,0.0,0.0,0.0,0.0,0.0
Jauan Jennings,SF,WR,2.0,8.2,0.1,68.8,901.6,5.5,0.0,0.0,0.0,0.0,0.0
David Montgomery,DET,RB,190.4,801.1,9.0,29.4,241.6,0.8,0.0,0.0,0.0,0.0,0.0
Jordan Addison,MIN,WR,1.2,10.3,0.2,64.9,841.4,6.6,0.0,0.0,0.0,0.0,0.0
Rome Odunze,CHI,WR,1.3,8.0,0.0,66.7,892.6,5.4,0.0,0.0,0.0,0.0,0.0
Stefon Diggs,NE,WR,1.2,5.4,0.2,75.3,822.7,4.6,0.0,0.0,0.0,0.0,0.0
Travis Kelce,KC,TE,0.0,0.5,0.0,80.4,756.9,5.2,0.0,0.0,0.0,0.0,0.0
Jayden Reed,GB,WR,12.2,96.1,0.7,59.1,792.9,5.8,0.0,0.0,0.0,0.0,0.0
Cooper Kupp,SEA,WR,1.3,8.1,0.0,72.6,810.0,5.3,0.0,0.0,0.0,0.0,0.0
Sam LaPorta,DET,TE,0.0,0.0,0.0,68.3,770.0,6.7,0.0,0.0,0.0,0.0,0.0
Tyrone Tracy Jr.,NYG,RB,197.7,836.0,5.3,35.9,272.2,1.2,0.0,0.0,0.0,0.0,0.0
TreVeyon Henderson,NE,RB,199.4,885.3,5.4,31.8,245.1,1.3,0.0,0.0,0.0,0.0,0.0
Michael Pittman Jr.,IND,WR,0.0,1.8,0.0,72.2,857.3,4.0,0.0,0.0,0.0,0.0,0.0
Matthew Golden,GB,WR,0.7,10.0,0.0,60.3,851.0,5.8,0.0,0.0,0.0,0.0,0.0
Isiah Pacheco,KC,RB,203.2,840.3,5.7,32.7,224.5,1.1,0.0,0.0,0.0,0.0,0.0
Mark Andrews,BAL,TE,0.0,2.0,0.0,59.6,719.3,7.8,0.0,0.0,0.0,0.0,0.0
David Njoku,CLE,TE,0.0,0.0,0.0,75.7,728.4,4.8,0.0,0.0,0.0,0.0,0.0
Khalil Shakir,BUF,WR,0.3,3.0,0.0,69.5,786.3,4.7,0.0,0.0,0.0,0.0,0.0
Brian Robinson Jr.,WAS,RB,206.0,834.8,7.2,25.3,195.2,1.1,0.0,0.0,0.0,0.0,0.0
Kaleb Johnson,PIT,RB,212.6,880.9,6.4,25.7,195.7,1.1,0.0,0.0,0.0,0.0,0.0
Rashid Shaheed,NO,WR,7.3,44.5,0.1,57.1,863.1,4.5,0.0,0.0,0.0,0.0,0.0
Darnell Mooney,ATL,WR,0.0,1.2,0.0,60.3,850.4,4.7,0.0,0.0,0.0,0.0,0.0
T.J. Hockenson,MIN,TE,0.0,0.0,0.0,70.2,740.3,4.4,0.0,0.0,0.0,0.0,0.0
Keon Coleman,BUF,WR,0.3,3.5,0.0,51.8,818.4,5.9,0.0,0.0,0.0,0.0,0.0
Jaylen Warren,PIT,RB,133.0,621.5,3.5,45.5,332.1,1.0,0.0,0.0,0.0,0.0,0.0
Ricky Pearsall,SF,WR,7.0,49.8,0.3,55.2,748.2,4.7,0.0,0.0,0.0,0.0,0.0
Josh Downs,IND,WR,0.3,4.0,0.0,63.5,744.4,4.3,0.0,0.0,0.0,0.0,0.0
Javonte Williams,DAL,RB,185.2,674.6,4.5,38.6,249.5,1.2,0.0,0.0,0.0,0.0,0.0
Marvin Mims Jr.,DEN,WR,11.9,58.7,0.4,52.4,696.0,5.4,0.0,0.0,0.0,0.0,0.0
RJ Harvey,DEN,RB,153.6,699.5,4.6,32.0,245.5,1.4,0.0,0.0,0.0,0.0,0.0
Brandon Aiyuk,SF,WR,2.1,9.3,0.1,53.0,811.7,4.2,0.0,0.0,0.0,0.0,0.0
Adam Thielen,CAR,WR,0.0,1.8,0.0,64.1,684.0,4.4,0.0,0.0,0.0,0.0,0.0
Tetairoa McMillan,CAR,WR,0.5,7.4,0.0,58.1,749.6,4.2,0.0,0.0,0.0,0.0,0.0
Austin Ekeler,WAS,RB,101.2,435.4,4.3,43.9,361.1,1.6,0.0,0.0,0.0,0.0,0.0
Quinshon Judkins,CLE,RB,167.7,753.4,4.8,27.1,207.7,1.0,0.0,0.0,0.0,0.0,0.0
Marquise Brown,KC,WR,0.3,1.6,0.0,57.5,695.1,4.5,0.0,0.0,0.0,0.0,0.0
Tre Harris,LAC,WR,0.7,3.3,0.0,54.7,733.3,4.5,0.0,0.0,0.0,0.0,0.0
Travis Etienne Jr.,JAC,RB,149.1,616.8,3.8,35.8,264.9,1.1,0.0,0.0,0.0,0.0,0.0
Jake Ferguson,DAL,TE,0.0,0.0,0.0,67.9,629.6,3.9,0.0,0.0,0.0,0.0,0.0
Wan'Dale Robinson,NYG,WR,2.0,14.1,0.0,69.1,627.1,3.2,0.0,0.0,0.0,0.0,0.0
Evan Engram,DEN,TE,0.0,0.0,0.0,68.3,606.9,4.0,0.0,0.0,0.0,0.0,0.0
Quentin Johnston,LAC,WR,1.7,6.7,0.0,50.3,674.3,5.5,0.0,0.0,0.0,0.0,0.0
Dallas Goedert,PHI,TE,0.0,0.0,0.0,59.7,659.2,3.9,0.0,0.0,0.0,0.0,0.0
Najee Harris,LAC,RB,165.3,662.5,5.6,25.5,183.5,0.9,0.0,0.0,0.0,0.0,0.0
J.K. Dobbins,DEN,RB,156.8,679.5,5.2,27.0,170.6,1.0,0.0,0.0,0.0,0.0,0.0
Cam Skattebo,NYG,RB,159.2,637.0,4.3,29.8,233.0,1.1,0.0,0.0,0.0,0.0,0.0
Christian Kirk,HOU,WR,0.7,3.0,0.0,55.2,705.3,3.6,0.0,0.0,0.0,0.0,0.0
Xavier Legette,CAR,WR,6.2,28.8,0.1,55.9,632.9,4.1,0.0,0.0,0.0,0.0,0.0
Tucker Kraft,GB,TE,0.0,0.0,0.0,54.4,646.5,4.6,0.0,0.0,0.0,0.0,0.0
Rashod Bateman,BAL,WR,0.0,0.6,0.0,44.2,672.8,5.4,0.0,0.0,0.0,0.0,0.0
Rhamondre Stevenson,NE,RB,159.0,651.0,4.8,27.8,175.6,1.1,0.0,0.0,0.0,0.0,0.0
Zach Ertz,WAS,TE,0.0,0.0,0.0,58.2,540.4,5.0,0.0,0.0,0.0,0.0,0.0
Jack Bech,LV,WR,1.0,2.7,0.0,53.9,676.9,3.5,0.0,0.0,0.0,0.0,0.0
Rachaad White,TB,RB,110.9,437.6,2.6,39.8,299.9,2.2,0.0,0.0,0.0,0.0,0.0
Luther Burden III,CHI,WR,3.7,26.1,0.4,52.0,628.0,3.6,0.0,0.0,0.0,0.0,0.0
Cedric Tillman,CLE,WR,0.7,0.3,0.0,52.0,649.5,3.6,0.0,0.0,0.0,0.0,0.0
Dalton Kincaid,BUF,TE,0.0,0.0,0.0,55.7,588.2,3.6,0.0,0.0,0.0,0.0,0.0
Zach Charbonnet,SEA,RB,117.6,487.9,4.0,33.1,243.6,0.9,0.0,0.0,0.0,0.0,0.0
Hunter Henry,NE,TE,0.0,0.0,0.0,55.5,575.9,3.6,0.0,0.0,0.0,0.0,0.0
Tyjae Spears,TEN,RB,119.9,483.0,3.5,32.9,244.9,1.0,0.0,0.0,0.0,0.0,0.0
Mike Gesicki,CIN,TE,0.0,0.0,0.0,55.6,545.3,3.6,0.0,0.0,0.0,0.0,0.0
Darren Waller,MIA,TE,0.0,0.0,0.0,51.8,576.6,3.6,0.0,0.0,0.0,0.0,0.0
Cade Otton,TB,TE,0.0,0.0,0.0,52.4,535.6,4.0,0.0,0.0,0.0,0.0,0.0
Kyle Pitts,ATL,TE,0.0,0.0,0.0,46.8,593.2,3.7,0.0,0.0,0.0,0.0,0.0
Brenton Strange,JAC,TE,0.0,0.0,0.0,54.6,539.6,3.3,0.0,0.0,0.0,0.0,0.0
Romeo Doubs,GB,WR,0.0,0.5,0.0,44.8,572.1,4.3,0.0,0.0,0.0,0.0,0.0
Jonnu Smith,PIT,TE,0.0,1.5,0.0,51.2,535.3,4.0,0.0,0.0,0.0,0.0,0.0
Tyler Lockett,TEN,WR,0.0,0.0,0.0,48.7,563.4,3.6,0.0,0.0,0.0,0.0,0.0
Kyle Williams,NE,WR,2.1,8.7,0.0,44.1,576.6,3.5,0.0,0.0,0.0,0.0,0.0
DeMario Douglas,NE,WR,2.2,15.5,0.0,51.1,539.1,2.7,0.0,0.0,0.0,0.0,0.0
Michael Wilson,ARI,WR,1.9,7.7,0.1,44.7,547.5,3.8,0.0,0.0,0.0,0.0,0.0
Isaiah Likely,BAL,TE,0.0,0.0,0.0,42.9,510.2,4.8,0.0,0.0,0.0,0.0,0.0
Jayden Higgins,HOU,WR,0.7,2.5,0.0,43.0,570.3,3.4,0.0,0.0,0.0,0.0,0.0
Dalton Schultz,HOU,TE,0.0,0.0,0.0,49.9,516.5,3.1,0.0,0.0,0.0,0.0,0.0
Tank Bigsby,JAC,RB,157.1,620.5,4.7,15.8,114.7,0.4,0.0,0.0,0.0,0.0,0.0
Tyler Warren,IND,TE,0.0,5.5,0.0,46.7,519.4,3.4,0.0,0.0,0.0,0.0,0.0
Pat Freiermuth,PIT,TE,0.0,0.0,0.0,49.1,479.1,3.5,0.0,0.0,0.0,0.0,0.0
Jordan Mason,MIN,RB,138.0,654.0,3.8,15.2,111.0,0.5,0.0,0.0,0.0,0.0,0.0
Juwan Johnson,NO,TE,0.0,0.0,0.0,47.3,493.4,3.3,0.0,0.0,0.0,0.0,0.0
Calvin Austin III,PIT,WR,2.3,11.8,0.1,39.3,539.0,3.6,0.0,0.0,0.0,0.0,0.0
Joshua Palmer,BUF,WR,0.0,0.5,0.0,40.2,550.4,3.2,0.0,0.0,0.0,0.0,0.0
Jalen McMillan,TB,WR,2.1,19.6,0.0,38.4,484.8,4.3,0.0,0.0,0.0,0.0,0.0
Chig Okonkwo,TEN,TE,0.0,2.5,0.0,49.4,486.8,2.6,0.0,0.0,0.0,0.0,0.0
Tyler Higbee,LAR,TE,0.0,0.0,0.0,46.0,434.4,3.7,0.0,0.0,0.0,0.0,0.0
Alec Pierce,IND,WR,0.0,0.0,0.0,31.2,562.1,3.5,0.0,0.0,0.0,0.0,0.0
Emeka Egbuka,TB,WR,2.2,11.1,0.0,38.0,502.3,3.5,0.0,0.0,0.0,0.0,0.0
Colston Loveland,CHI,TE,0.0,0.0,0.0,43.6,461.6,3.4,0.0,0.0,0.0,0.0,0.0
Tre Tucker,LV,WR,5.7,34.2,0.3,36.8,472.2,2.8,0.0,0.0,0.0,0.0,0.0
Jerome Ford,CLE,RB,104.1,441.1,2.5,25.2,170.4,0.9,0.0,0.0,0.0,0.0,0.0
Theo Johnson,NYG,TE,0.0,0.0,0.0,42.7,469.3,2.5,0.0,0.0,0.0,0.0,0.0
Allen Lazard,NYJ,WR,0.0,0.0,0.0,36.8,476.5,3.4,0.0,0.0,0.0,0.0,0.0
Tutu Atwell,LAR,WR,4.3,20.5,0.1,37.9,484.9,2.4,0.0,0.0,0.0,0.0,0.0
Darius Slayton,NYG,WR,1.4,6.1,0.0,34.4,522.1,2.5,0.0,0.0,0.0,0.0,0.0
Dyami Brown,JAC,WR,0.7,5.8,0.0,38.0,490.9,2.6,0.0,0.0,0.0,0.0,0.0
Rico Dowdle,CAR,RB,117.6,491.5,2.6,18.8,128.9,1.1,0.0,0.0,0.0,0.0,0.0
Dylan Sampson,CLE,RB,116.8,436.8,2.4,22.1,171.9,0.9,0.0,0.0,0.0,0.0,0.0
Bhayshul Tuten,JAC,RB,105.2,446.3,3.1,18.3,146.6,0.9,0.0,0.0,0.0,0.0,0.0
DeAndre Hopkins,BAL,WR,0.0,0.5,0.0,33.2,428.0,3.9,0.0,0.0,0.0,0.0,0.0
Jalen Coker,CAR,WR,0.0,2.3,0.0,37.1,478.5,2.3,0.0,0.0,0.0,0.0,0.0
Diontae Johnson,CLE,WR,1.0,2.0,0.0,38.1,466.6,2.3,0.0,0.0,0.0,0.0,0.0
Ray-Ray McCloud III,ATL,WR,7.8,51.3,0.2,38.3,416.0,2.3,0.0,0.0,0.0,0.0,0.0
Jalen Tolbert,DAL,WR,0.0,0.0,0.0,34.4,415.7,3.5,0.0,0.0,0.0,0.0,0.0
Nick Westbrook-Ikhine,MIA,WR,0.0,0.0,0.0,31.3,431.5,3.8,0.0,0.0,0.0,0.0,0.0
Zack Moss,CIN,RB,97.6,341.5,2.8,23.1,166.2,1.1,0.0,0.0,0.0,0.0,0.0
Elijah Arroyo,SEA,TE,0.0,0.0,0.0,39.5,419.2,2.5,0.0,0.0,0.0,0.0,0.0
Brandin Cooks,NO,WR,1.7,3.8,0.0,35.6,416.7,2.8,0.0,0.0,0.0,0.0,0.0
Jalen Nailor,MIN,WR,1.1,10.2,0.0,32.9,408.0,3.2,0.0,0.0,0.0,0.0,0.0
Tyler Allgeier,ATL,RB,117.3,530.0,3.2,12.0,87.9,0.3,0.0,0.0,0.0,0.0,0.0
Marquez Valdes-Scantling,SEA,WR,2.6,9.0,0.1,28.3,471.7,2.8,0.0,0.0,0.0,0.0,0.0
Mason Taylor,NYJ,TE,0.0,0.0,0.0,39.6,393.9,2.5,0.0,0.0,0.0,0.0,0.0
Kareem Hunt,KC,RB,97.2,343.3,3.7,18.8,127.6,0.8,0.0,0.0,0.0,0.0,0.0
Roschon Johnson,CHI,RB,88.7,307.3,4.5,19.5,127.2,0.5,0.0,0.0,0.0,0.0,0.0
Will Dissly,LAC,TE,0.0,0.0,0.0,39.0,379.2,2.5,0.0,0.0,0.0,0.0,0.0
Tyler Conklin,LAC,TE,0.0,0.0,0.0,38.9,377.2,2.5,0.0,0.0,0.0,0.0,0.0
Jordan Whittington,LAR,WR,1.1,14.2,0.0,34.3,401.9,2.5,0.0,0.0,0.0,0.0,0.0
Ja'Tavion Sanders,CAR,TE,0.0,0.0,0.0,38.9,390.9,2.1,0.0,0.0,0.0,0.0,0.0
Josh Reynolds,NYJ,WR,0.0,0.0,0.0,31.5,412.0,2.8,0.0,0.0,0.0,0.0,0.0
Isaac Guerendo,SF,RB,100.3,454.3,3.6,11.1,95.7,0.4,0.0,0.0,0.0,0.0,0.0
Nick Chubb,HOU,RB,119.2,476.4,3.9,8.7,66.1,0.4,0.0,0.0,0.0,0.0,0.0
Dontayvion Wicks,GB,WR,0.0,0.0,0.0,29.9,376.1,3.3,0.0,0.0,0.0,0.0,0.0
Braelon Allen,NYJ,RB,98.4,372.1,2.5,17.3,131.0,0.8,0.0,0.0,0.0,0.0,0.0
Jaydon Blue,DAL,RB,85.3,379.2,2.5,16.5,131.1,0.7,0.0,0.0,0.0,0.0,0.0
Kayshon Boutte,NE,WR,0.0,0.0,0.0,29.5,394.8,2.6,0.0,0.0,0.0,0.0,0.0
Ray Davis,BUF,RB,95.0,407.1,2.7,12.2,108.5,1.0,0.0,0.0,0.0,0.0,0.0
Kyle Philips,LV,WR,0.0,0.0,0.0,32.8,387.2,2.0,0.0,0.0,0.0,0.0,0.0
Adonai Mitchell,IND,WR,2.5,15.9,0.1,27.1,387.3,2.6,0.0,0.0,0.0,0.0,0.0
Noah Brown,WAS,WR,0.0,0.0,0.0,31.5,400.4,1.9,0.0,0.0,0.0,0.0,0.0
Justice Hill,BAL,RB,39.2,177.9,1.0,27.6,226.9,1.7,0.0,0.0,0.0,0.0,0.0
Raheem Mostert,LV,RB,77.6,315.4,2.6,18.0,132.0,0.8,0.0,0.0,0.0,0.0,0.0
Skyy Moore,KC,WR,0.0,0.0,0.0,31.4,357.5,2.3,0.0,0.0,0.0,0.0,0.0
Blake Corum,LAR,RB,99.4,394.3,2.7,12.9,94.9,0.6,0.0,0.0,0.0,0.0,0.0
Cole Kmet,CHI,TE,0.0,0.0,0.0,33.6,325.0,2.4,0.0,0.0,0.0,0.0,0.0
Curtis Samuel,BUF,WR,6.6,29.3,0.1,30.3,305.6,2.5,0.0,0.0,0.0,0.0,0.0
Jaylin Noel,HOU,WR,0.0,0.0,0.0,29.7,357.9,2.3,0.0,0.0,0.0,0.0,0.0
Kendre Miller,NO,RB,98.9,383.8,3.5,10.8,81.5,0.2,0.0,0.0,0.0,0.0,0.0
Troy Franklin,DEN,WR,1.1,5.8,0.0,27.1,342.5,2.7,0.0,0.0,0.0,0.0,0.0
Trey Benson,ARI,RB,87.1,412.9,2.4,11.0,82.0,0.5,0.0,0.0,0.0,0.0,0.0
Jaylen Wright,MIA,RB,101.3,424.4,2.5,10.8,74.6,0.4,0.0,0.0,0.0,0.0,0.0
Andrei Iosivas,CIN,WR,0.0,0.0,0.0,26.1,315.7,2.9,0.0,0.0,0.0,0.0,0.0
Pat Bryant,DEN,WR,0.0,0.0,0.0,26.7,329.3,2.5,0.0,0.0,0.0,0.0,0.0
K.J. Osborn,WAS,WR,0.0,0.0,0.0,28.4,314.7,2.5,0.0,0.0,0.0,0.0,0.0
MarShawn Lloyd,GB,RB,79.3,337.2,2.5,12.5,100.1,0.6,0.0,0.0,0.0,0.0,0.0
Noah Gray,KC,TE,0.0,0.0,0.0,28.7,289.6,2.6,0.0,0.0,0.0,0.0,0.0
AJ Barner,SEA,TE,0.0,0.0,0.0,30.0,281.4,2.2,0.0,0.0,0.0,0.0,0.0
Greg Dortch,ARI,WR,4.8,30.6,0.1,27.3,265.3,2.1,0.0,0.0,0.0,0.0,0.0
Anthony Miller,BAL,WR,0.0,0.0,0.0,25.1,289.3,2.5,0.0,0.0,0.0,0.0,0.0
Miles Sanders,DAL,RB,91.8,362.2,2.2,10.4,68.2,0.6,0.0,0.0,0.0,0.0,0.0
Alexander Mattison,MIA,RB,99.4,316.6,2.1,12.4,84.1,0.5,0.0,0.0,0.0,0.0,0.0
Ty Johnson,BUF,RB,45.7,208.4,1.0,15.1,165.0,1.4,0.0,0.0,0.0,0.0,0.0
Xavier Hutchinson,HOU,WR,0.0,0.0,0.0,26.1,283.0,1.9,0.0,0.0,0.0,0.0,0.0
Tim Patrick,DET,WR,0.0,0.0,0.0,23.3,296.7,2.2,0.0,0.0,0.0,0.0,0.0
Jaleel McLaughlin,DEN,RB,42.5,178.4,1.0,21.8,137.7,1.2,0.0,0.0,0.0,0.0,0.0
Malik Washington,MIA,WR,2.0,13.8,0.1,26.2,278.0,1.8,0.0,0.0,0.0,0.0,0.0
Russell Gage Jr.,SF,WR,0.0,0.0,0.0,25.1,280.8,1.9,0.0,0.0,0.0,0.0,0.0
Michael Mayer,LV,TE,0.0,0.0,0.0,27.7,257.3,1.6,0.0,0.0,0.0,0.0,0.0
Austin Hooper,NE,TE,0.0,0.0,0.0,26.9,266.5,1.5,0.0,0.0,0.0,0.0,0.0
Elic Ayomanor,TEN,WR,0.0,5.0,0.0,23.2,273.2,1.7,0.0,0.0,0.0,0.0,0.0
Antonio Gibson,NE,RB,51.6,209.8,1.0,16.5,131.0,0.8,0.0,0.0,0.0,0.0,0.0
Foster Moreau,NO,TE,0.0,0.0,0.0,23.2,263.4,1.9,0.0,0.0,0.0,0.0,0.0
Tyler Johnson,NYJ,WR,0.0,0.0,0.0,23.2,256.9,1.7,0.0,0.0,0.0,0.0,0.0
Van Jefferson,TEN,WR,0.0,0.0,0.0,21.5,272.2,1.7,0.0,0.0,0.0,0.0,0.0
Kendrick Bourne,NE,WR,1.1,5.2,0.0,22.2,257.7,1.6,0.0,0.0,0.0,0.0,0.0
Tai Felton,MIN,WR,0.0,5.0,0.0,20.9,249.8,1.8,0.0,0.0,0.0,0.0,0.0
Dawson Knox,BUF,TE,0.0,0.0,0.0,21.9,237.9,1.9,0.0,0.0,0.0,0.0,0.0
Terrance Ferguson,LAR,TE,0.0,0.0,0.0,23.0,235.4,1.9,0.0,0.0,0.0,0.0,0.0
Chimere Dike,TEN,WR,2.1,12.3,0.0,19.9,262.4,1.6,0.0,0.0,0.0,0.0,0.0
Khalil Herbert,IND,RB,67.4,292.3,2.0,8.2,53.7,0.2,0.0,0.0,0.0,0.0,0.0
Jalen Royals,KC,WR,0.0,0.0,0.0,20.4,241.0,1.9,0.0,0.0,0.0,0.0,0.0
Christian Watson,GB,WR,2.7,13.1,0.0,15.3,283.0,1.9,0.0,0.0,0.0,0.0,0.0
Robert Woods,PIT,WR,0.0,0.0,0.0,22.5,238.5,1.6,0.0,0.0,0.0,0.0,0.0
Devin Singletary,NYG,RB,64.6,265.6,1.7,10.5,73.5,0.2,0.0,0.0,0.0,0.0,0.0
Roman Wilson,PIT,WR,0.0,0.0,0.0,20.1,254.6,1.6,0.0,0.0,0.0,0.0,0.0
Devaughn Vele,DEN,WR,0.0,0.8,0.0,21.4,230.1,1.6,0.0,0.0,0.0,0.0,0.0
Trevor Etienne,CAR,RB,50.0,206.8,1.5,11.7,93.1,0.7,0.0,0.0,0.0,0.0,0.0
Malachi Corley,NYJ,WR,2.3,25.1,0.1,20.9,217.9,1.3,0.0,0.0,0.0,0.0,0.0
KaVontae Turpin,DAL,WR,8.5,58.6,0.5,16.2,207.1,1.4,0.0,0.0,0.0,0.0,0.0
Demarcus Robinson,SF,WR,0.0,1.0,0.0,16.1,249.5,1.9,0.0,0.0,0.0,0.0,0.0
Dont'e Thornton Jr.,LV,WR,0.0,6.0,0.0,18.8,240.7,1.4,0.0,0.0,0.0,0.0,0.0
Jarquez Hunter,LAR,RB,57.1,240.7,1.9,7.8,64.0,0.4,0.0,0.0,0.0,0.0,0.0
Samaje Perine,CIN,RB,22.7,106.1,0.7,17.0,153.4,0.8,0.0,0.0,0.0,0.0,0.0
Elijah Moore,BUF,WR,0.0,1.7,0.0,20.4,222.1,1.4,0.0,0.0,0.0,0.0,0.0
Harold Fannin Jr.,CLE,TE,0.0,0.0,0.0,22.7,221.6,1.2,0.0,0.0,0.0,0.0,0.0
Taysom Hill,NO,TE,0.0,125.0,2.0,12.7,108.0,0.7,0.0,0.0,0.0,0.0,0.0
Rondale Moore,MIN,WR,8.6,38.2,0.0,19.4,199.9,1.3,0.0,0.0,0.0,0.0,0.0
Emanuel Wilson,GB,RB,60.1,253.5,1.7,7.9,56.9,0.3,0.0,0.0,0.0,0.0,0.0
Ben Sinnott,WAS,TE,0.0,0.0,0.0,20.9,202.7,1.6,0.0,0.0,0.0,0.0,0.0
Kalif Raymond,DET,WR,0.0,4.0,0.0,18.6,234.4,1.6,0.0,0.0,0.0,0.0,0.0
Jermaine Burton,CIN,WR,0.0,2.0,0.0,17.6,232.5,1.6,0.0,0.0,0.0,0.0,0.0
Keaton Mitchell,BAL,RB,64.7,260.6,1.4,7.5,73.1,0.2,0.0,0.0,0.0,0.0,0.0
Luke McCaffrey,WAS,WR,0.0,1.3,0.0,19.9,209.8,1.4,0.0,0.0,0.0,0.0,0.0
David Sills,ATL,WR,0.0,0.0,0.0,18.7,208.3,1.6,0.0,0.0,0.0,0.0,0.0
Jake Bobo,SEA,WR,0.0,0.0,0.0,18.6,215.4,1.5,0.0,0.0,0.0,0.0,0.0
Treylon Burks,TEN,WR,1.0,5.5,0.0,17.6,219.2,1.3,0.0,0.0,0.0,0.0,0.0
Jeremy Ruckert,NYJ,TE,0.0,0.0,0.0,20.8,182.8,1.3,0.0,0.0,0.0,0.0,0.0
Tommy Tremble,CAR,TE,0.0,0.0,0.0,18.8,182.4,1.7,0.0,0.0,0.0,0.0,0.0
Luke Musgrave,GB,TE,0.0,0.0,0.0,19.1,186.7,1.4,0.0,0.0,0.0,0.0,0.0
Zay Jones,ARI,WR,0.0,2.0,0.0,18.1,192.6,1.4,0.0,0.0,0.0,0.0,0.0
Jahan Dotson,PHI,WR,0.0,1.7,0.0,17.3,200.3,1.3,0.0,0.0,0.0,0.0,0.0
JuJu Smith-Schuster,KC,WR,0.0,0.0,0.0,18.0,190.0,1.2,0.0,0.0,0.0,0.0,0.0
Elijah Mitchell,KC,RB,54.7,204.8,1.4,7.7,43.9,0.4,0.0,0.0,0.0,0.0,0.0
Will Shipley,PHI,RB,37.4,199.5,1.3,7.6,55.4,0.4,0.0,0.0,0.0,0.0,0.0
A.J. Dillon,PHI,RB,58.9,221.4,1.8,5.2,41.8,0.2,0.0,0.0,0.0,0.0,0.0
Tory Horton,SEA,WR,0.0,0.0,0.0,16.1,199.7,1.1,0.0,0.0,0.0,0.0,0.0
Cordarrelle Patterson,PIT,RB,39.2,161.5,1.2,10.4,81.3,0.4,0.0,0.0,0.0,0.0,0.0
Jalin Hyatt,NYG,WR,0.0,0.0,0.0,14.9,209.5,1.1,0.0,0.0,0.0,0.0,0.0
Zamir White,LV,RB,54.9,186.9,1.1,8.8,63.3,0.3,0.0,0.0,0.0,0.0,0.0
Josh Whyle,TEN,TE,0.0,0.0,0.0,18.5,170.2,1.0,0.0,0.0,0.0,0.0,0.0
Devin Neal,NO,RB,38.6,203.8,1.3,6.2,46.2,0.4,0.0,0.0,0.0,0.0,0.0
A.T. Perry,DEN,WR,0.0,0.0,0.0,13.7,180.7,1.5,0.0,0.0,0.0,0.0,0.0
Audric Estime,DEN,RB,53.6,193.6,1.4,7.0,49.6,0.2,0.0,0.0,0.0,0.0,0.0
Luke Schoonmaker,DAL,TE,0.0,0.0,0.0,17.3,156.3,1.2,0.0,0.0,0.0,0.0,0.0
Kenneth Gainwell,PIT,RB,46.3,169.3,1.0,8.9,62.8,0.3,0.0,0.0,0.0,0.0,0.0
Savion Williams,GB,WR,2.2,16.7,0.1,13.3,160.3,1.3,0.0,0.0,0.0,0.0,0.0
Jaylin Lane,WAS,WR,2.2,13.3,0.1,13.9,161.9,1.1,0.0,0.0,0.0,0.0,0.0
Isaac TeSlaa,DET,WR,0.0,0.0,0.0,13.7,177.2,1.1,0.0,0.0,0.0,0.0,0.0
Dameon Pierce,HOU,RB,14.8,126.9,0.9,11.7,78.7,0.4,0.0,0.0,0.0,0.0,0.0
Parker Washington,JAC,WR,0.0,2.7,0.0,15.1,167.4,1.1,0.0,0.0,0.0,0.0,0.0
Michael Carter,ARI,RB,43.3,163.9,1.2,7.6,52.0,0.3,0.0,0.0,0.0,0.0,0.0
Irvin Charles,NYJ,WR,0.0,0.0,0.0,14.7,164.3,1.0,0.0,0.0,0.0,0.0,0.0
Olamide Zaccheaus,CHI,WR,1.1,5.4,0.0,14.4,155.1,1.1,0.0,0.0,0.0,0.0,0.0
Sean Tucker,TB,RB,33.8,175.9,1.2,6.9,52.6,0.2,0.0,0.0,0.0,0.0,0.0
Daniel Bellinger,NYG,TE,0.0,0.0,0.0,16.2,154.6,0.9,0.0,0.0,0.0,0.0,0.0
Gunnar Helm,TEN,TE,0.0,0.0,0.0,15.7,160.9,0.9,0.0,0.0,0.0,0.0,0.0
Mack Hollins,NE,WR,0.0,0.0,0.0,12.8,161.6,1.3,0.0,0.0,0.0,0.0,0.0
Cade Stover,HOU,TE,0.0,0.0,0.0,15.4,146.2,1.0,0.0,0.0,0.0,0.0,0.0
Kyle Juszczyk,SF,RB,6.6,27.1,0.4,13.1,127.8,1.0,0.0,0.0,0.0,0.0,0.0
John Metchie III,HOU,WR,0.0,1.0,0.0,13.6,147.1,1.2,0.0,0.0,0.0,0.0,0.0
Woody Marks,HOU,RB,20.3,129.0,0.8,9.9,70.7,0.2,0.0,0.0,0.0,0.0,0.0
Kyle Monangai,CHI,RB,33.3,183.5,1.4,5.0,36.3,0.0,0.0,0.0,0.0,0.0,0.0
Tez Johnson,TB,WR,0.0,4.0,0.0,13.0,159.0,1.0,0.0,0.0,0.0,0.0,0.0
Isaiah Davis,NYJ,RB,27.2,169.9,1.0,6.4,46.8,0.2,0.0,0.0,0.0,0.0,0.0
Ja'Lynn Polk,NE,WR,0.0,0.0,0.0,13.4,156.6,1.0,0.0,0.0,0.0,0.0,0.0
Hunter Renfrow,CAR,WR,0.0,0.0,0.0,15.0,148.6,0.9,0.0,0.0,0.0,0.0,0.0
Mo Alie-Cox,IND,TE,0.0,0.0,0.0,12.7,157.0,1.1,0.0,0.0,0.0,0.0,0.0
Oronde Gadsden II,LAC,TE,0.0,0.0,0.0,13.8,141.7,1.1,0.0,0.0,0.0,0.0,0.0
Emari Demercado,ARI,RB,21.9,132.7,0.7,9.6,65.4,0.2,0.0,0.0,0.0,0.0,0.0
Adam Trautman,DEN,TE,0.0,0.0,0.0,12.6,136.5,1.4,0.0,0.0,0.0,0.0,0.0
Bub Means,NO,WR,0.7,3.5,0.0,12.7,161.7,0.9,0.0,0.0,0.0,0.0,0.0
DJ Giddens,IND,RB,24.1,157.7,1.2,5.8,44.6,0.1,0.0,0.0,0.0,0.0,0.0
Brevin Jordan,HOU,TE,0.0,0.0,0.0,12.6,137.8,1.1,0.0,0.0,0.0,0.0,0.0
Xavier Restrepo,TEN,WR,0.0,3.0,0.0,12.0,131.0,1.0,0.0,0.0,0.0,0.0,0.0
Charlie Woerner,ATL,TE,0.0,0.0,0.0,12.8,120.7,1.1,0.0,0.0,0.0,0.0,0.0
Brashard Smith,KC,RB,5.8,84.4,0.6,8.9,64.3,0.6,0.0,0.0,0.0,0.0,0.0
Luke Deal,DET,TE,0.0,0.0,0.0,12.0,128.0,1.0,0.0,0.0,0.0,0.0,0.0
Erick All Jr.,CIN,TE,0.0,0.0,0.0,13.9,121.0,0.8,0.0,0.0,0.0,0.0,0.0
Jordan James,SF,RB,26.8,157.8,1.3,3.7,31.9,0.0,0.0,0.0,0.0,0.0,0.0
Elijah Higgins,ARI,TE,0.0,0.0,0.0,12.2,117.1,1.1,0.0,0.0,0.0,0.0,0.0
Jake Briningstool,KC,TE,0.0,0.0,0.0,12.0,121.0,1.0,0.0,0.0,0.0,0.0,0.0
Grant Calcaterra,PHI,TE,0.0,0.0,0.0,12.0,125.2,0.9,0.0,0.0,0.0,0.0,0.0
Tahj Brooks,CIN,RB,7.1,133.9,1.1,5.7,40.2,0.1,0.0,0.0,0.0,0.0,0.0
Cedrick Wilson Jr.,NO,WR,0.0,0.0,0.0,11.3,133.8,0.9,0.0,0.0,0.0,0.0,0.0
Josh Oliver,MIN,TE,0.0,0.0,0.0,11.2,116.7,1.2,0.0,0.0,0.0,0.0,0.0
Cam Akers,NO,RB,35.3,150.1,1.0,4.5,33.6,0.1,0.0,0.0,0.0,0.0,0.0
Darnell Washington,PIT,TE,0.0,0.0,0.0,12.5,125.8,0.7,0.0,0.0,0.0,0.0,0.0
Arian Smith,NYJ,WR,0.0,7.5,0.0,11.2,132.0,0.7,0.0,0.0,0.0,0.0,0.0
Kye Robichaux,DET,RB,36.0,172.0,1.0,3.0,28.0,0.0,0.0,0.0,0.0,0.0,0.0
Payne Durham,TB,TE,0.0,0.0,0.0,11.0,107.8,1.2,0.0,0.0,0.0,0.0,0.0
Sterling Shepard,TB,WR,0.0,1.7,0.0,11.4,113.6,1.0,0.0,0.0,0.0,0.0,0.0
Ollie Gordon II,MIA,RB,20.0,145.8,1.1,4.4,33.5,0.0,0.0,0.0,0.0,0.0,0.0
Quez Watkins,ARI,WR,0.0,0.0,0.0,10.7,127.7,0.8,0.0,0.0,0.0,0.0,0.0
Pharaoh Brown,MIA,TE,0.0,0.0,0.0,11.7,112.7,0.8,0.0,0.0,0.0,0.0,0.0
Brock Wright,DET,TE,0.0,0.0,0.0,10.0,89.9,1.4,0.0,0.0,0.0,0.0,0.0
Jordan Murray,CHI,TE,0.0,0.0,0.0,11.0,104.0,1.0,0.0,0.0,0.0,0.0,0.0
Drew Sample,CIN,TE,0.0,0.0,0.0,12.1,99.5,0.9,0.0,0.0,0.0,0.0,0.0
Ben Yurosek,MIN,TE,0.0,0.0,0.0,11.0,101.0,1.0,0.0,0.0,0.0,0.0,0.0
Amar Johnson,GB,RB,35.0,165.0,1.0,2.0,26.0,0.0,0.0,0.0,0.0,0.0,0.0
Justin Watson,HOU,WR,0.0,0.0,0.0,9.1,126.3,0.8,0.0,0.0,0.0,0.0,0.0
Julian Hill,MIA,TE,0.0,0.0,0.0,11.8,109.0,0.7,0.0,0.0,0.0,0.0,0.0
Drew Ogletree,IND,TE,0.0,0.0,0.0,9.0,111.2,1.0,0.0,0.0,0.0,0.0,0.0
Michael Gallup,WAS,WR,0.0,0.0,0.0,9.8,110.3,0.9,0.0,0.0,0.0,0.0,0.0
Connor Heyward,PIT,TE,0.0,0.0,0.0,10.2,87.6,1.2,0.0,0.0,0.0,0.0,0.0
Simi Fehoko,ARI,WR,0.0,0.0,0.0,9.4,112.2,0.8,0.0,0.0,0.0,0.0,0.0
Craig Reynolds,DET,RB,20.6,75.6,0.3,7.4,59.0,0.4,0.0,0.0,0.0,0.0,0.0
Chris Rodriguez Jr.,WAS,RB,19.9,132.6,1.2,2.6,18.8,0.0,0.0,0.0,0.0,0.0,0.0
Jelani Woods,IND,TE,0.0,0.0,0.0,7.0,117.5,1.0,0.0,0.0,0.0,0.0,0.0
Montrell Johnson Jr.,PHI,RB,0.0,126.0,1.0,3.0,22.0,0.0,0.0,0.0,0.0,0.0,0.0
Quintin Morris,JAC,TE,0.0,0.0,0.0,10.0,94.6,0.7,0.0,0.0,0.0,0.0,0.0
Clyde Edwards-Helaire,NO,RB,35.1,114.8,0.5,4.4,34.0,0.2,0.0,0.0,0.0,0.0,0.0
David Moore,CAR,WR,0.0,0.0,0.0,8.4,106.9,0.7,0.0,0.0,0.0,0.0,0.0
Ty Chandler,MIN,RB,15.9,87.9,0.6,5.7,39.9,0.2,0.0,0.0,0.0,0.0,0.0
Tanner Hudson,CIN,TE,0.0,0.0,0.0,9.8,90.0,0.7,0.0,0.0,0.0,0.0,0.0
Derius Davis,LAC,WR,5.2,31.5,0.1,7.7,88.8,0.6,0.0,0.0,0.0,0.0,0.0
Johnny Mundt,JAC,TE,0.0,0.0,0.0,10.1,88.7,0.6,0.0,0.0,0.0,0.0,0.0
KhaDarel Hodge,ATL,WR,0.0,0.0,0.0,8.2,104.4,0.6,0.0,0.0,0.0,0.0,0.0
Dare Ogunbowale,HOU,RB,4.3,31.8,0.1,9.0,66.6,0.5,0.0,0.0,0.0,0.0,0.0
Colby Parkinson,LAR,TE,0.0,0.0,0.0,8.9,90.4,0.7,0.0,0.0,0.0,0.0,0.0
DeAndre Carter,CLE,WR,0.0,0.0,0.0,9.1,109.9,0.5,0.0,0.0,0.0,0.0,0.0
Sincere McCormick,LV,RB,24.5,104.2,0.6,4.4,30.4,0.1,0.0,0.0,0.0,0.0,0.0
Davis Allen,LAR,TE,0.0,0.0,0.0,9.5,90.5,0.5,0.0,0.0,0.0,0.0,0.0
Charlie Kolar,BAL,TE,0.0,1.0,0.0,7.7,89.0,0.8,0.0,0.0,0.0,0.0,0.0
Hunter Long,JAC,TE,0.0,0.0,0.0,9.9,89.1,0.4,0.0,0.0,0.0,0.0,0.0
Tylan Wallace,BAL,WR,0.0,1.7,0.0,6.7,90.0,0.9,0.0,0.0,0.0,0.0,0.0
Kenny McIntosh,SEA,RB,11.0,73.4,0.5,5.6,41.3,0.2,0.0,0.0,0.0,0.0,0.0
Tyler Goodson,IND,RB,14.4,76.8,0.6,5.0,32.5,0.3,0.0,0.0,0.0,0.0,0.0
Jacory Croskey-Merritt,WAS,RB,19.7,107.3,0.7,3.0,23.2,0.0,0.0,0.0,0.0,0.0,0.0
Lucas Krull,DEN,TE,0.0,0.0,0.0,8.7,84.1,0.5,0.0,0.0,0.0,0.0,0.0
Mitchell Evans,CAR,TE,0.0,0.0,0.0,8.0,77.7,0.7,0.0,0.0,0.0,0.0,0.0
Zonovan Knight,NYJ,RB,19.3,80.3,0.5,4.3,30.7,0.2,0.0,0.0,0.0,0.0,0.0
Kalel Mullings,TEN,RB,8.3,100.6,0.6,3.0,21.8,0.0,0.0,0.0,0.0,0.0,0.0
Malik Heath,GB,WR,0.0,0.0,0.0,7.3,81.7,0.6,0.0,0.0,0.0,0.0,0.0
Stone Smartt,NYJ,TE,0.0,0.0,0.0,7.7,86.3,0.5,0.0,0.0,0.0,0.0,0.0
Devin Culp,TB,TE,0.0,0.0,0.0,7.3,78.5,0.6,0.0,0.0,0.0,0.0,0.0
Will Mallory,IND,TE,0.0,0.0,0.0,7.1,73.9,0.7,0.0,0.0,0.0,0.0,0.0
Cody White,SEA,WR,0.0,0.0,0.0,7.0,81.7,0.5,0.0,0.0,0.0,0.0,0.0
Dareke Young,SEA,WR,0.0,0.0,0.0,6.9,81.7,0.5,0.0,0.0,0.0,0.0,0.0
Jackson Hawes,BUF,TE,0.0,0.0,0.0,7.0,70.7,0.7,0.0,0.0,0.0,0.0,0.0
Gavin Bartholomew,MIN,TE,0.0,0.0,0.0,7.0,75.0,0.6,0.0,0.0,0.0,0.0,0.0
Patrick Taylor Jr.,SF,RB,24.0,82.2,0.3,3.9,28.6,0.2,0.0,0.0,0.0,0.0,0.0
Giovanni Ricci,MIN,TE,0.0,0.0,0.0,8.0,96.0,0.0,0.0,0.0,0.0,0.0,0.0
Jha'Quan Jackson,TEN,WR,0.0,1.7,0.0,7.1,84.3,0.5,0.0,0.0,0.0,0.0,0.0
Carson Steele,KC,RB,27.2,83.7,0.6,4.6,25.3,0.1,0.0,0.0,0.0,0.0,0.0
Jamal Agnew,ATL,WR,0.0,0.0,0.0,6.6,69.2,0.6,0.0,0.0,0.0,0.0,0.0
Pierre Strong Jr.,CLE,RB,17.6,63.3,0.2,5.0,38.3,0.1,0.0,0.0,0.0,0.0,0.0
Damien Martinez,SEA,RB,2.2,89.5,0.5,3.0,21.5,0.0,0.0,0.0,0.0,0.0,0.0
Jaheim Bell,NE,TE,0.0,0.0,0.0,7.1,71.0,0.5,0.0,0.0,0.0,0.0,0.0
Deuce Vaughn,DAL,RB,27.0,85.5,0.3,3.5,24.9,0.1,0.0,0.0,0.0,0.0,0.0
Brevyn Spann-Ford,DAL,TE,0.0,0.0,0.0,6.8,66.4,0.6,0.0,0.0,0.0,0.0,0.0
Nick Nash,ATL,WR,0.0,0.0,0.0,7.7,85.3,0.1,0.0,0.0,0.0,0.0,0.0
Tanner McLachlan,CIN,TE,0.0,0.0,0.0,7.0,68.5,0.5,0.0,0.0,0.0,0.0,0.0
Ben Skowronek,PIT,WR,0.0,0.0,0.0,6.5,72.1,0.5,0.0,0.0,0.0,0.0,0.0
Raheem Blackshear,CAR,RB,28.8,88.2,0.5,3.2,23.9,0.1,0.0,0.0,0.0,0.0,0.0
Kylen Granson,PHI,TE,0.0,0.0,0.0,6.7,70.4,0.5,0.0,0.0,0.0,0.0,0.0
Chris Brooks,GB,RB,13.1,75.1,0.5,3.5,22.4,0.0,0.0,0.0,0.0,0.0,0.0
Nate Adkins,DEN,TE,0.0,0.0,0.0,5.7,46.2,1.1,0.0,0.0,0.0,0.0,0.0
Devontez Walker,BAL,WR,0.0,1.7,0.0,5.2,73.8,0.6,0.0,0.0,0.0,0.0,0.0
Erik Ezukanma,MIA,WR,0.0,0.0,0.0,6.3,74.0,0.5,0.0,0.0,0.0,0.0,0.0
Dominique Dafney,CAR,TE,0.0,0.0,0.0,7.2,71.4,0.3,0.0,0.0,0.0,0.0,0.0
Charlie Jones,CIN,WR,0.0,0.0,0.0,6.0,70.2,0.5,0.0,0.0,0.0,0.0,0.0
Alec Ingold,MIA,RB,7.4,16.4,0.6,5.6,40.0,0.3,0.0,0.0,0.0,0.0,0.0
Travis Homer,CHI,RB,22.3,71.7,0.3,3.3,25.1,0.1,0.0,0.0,0.0,0.0,0.0
Maurice Alexander,CHI,WR,0.0,0.0,0.0,6.3,68.3,0.4,0.0,0.0,0.0,0.0,0.0
Tank Dell,HOU,WR,0.0,1.0,0.0,5.5,69.5,0.5,0.0,0.0,0.0,0.0,0.0
Samori Toure,CHI,WR,0.0,0.0,0.0,6.2,67.8,0.4,0.0,0.0,0.0,0.0,0.0
Luke Farrell,SF,TE,0.0,0.0,0.0,6.4,63.7,0.4,0.0,0.0,0.0,0.0,0.0
Ian Thomas,LV,TE,0.0,0.0,0.0,6.6,59.3,0.4,0.0,0.0,0.0,0.0,0.0
Eric Saubert,SEA,TE,0.0,0.0,0.0,6.5,56.4,0.5,0.0,0.0,0.0,0.0,0.0
Ashton Dulin,IND,WR,0.0,3.3,0.0,5.3,69.9,0.3,0.0,0.0,0.0,0.0,0.0
Johnny Wilson,PHI,WR,0.0,0.0,0.0,5.0,61.8,0.5,0.0,0.0,0.0,0.0,0.0
Cam Grandy,CIN,TE,0.0,0.0,0.0,6.2,54.0,0.4,0.0,0.0,0.0,0.0,0.0
Ainias Smith,PHI,WR,1.3,7.7,0.1,5.2,56.6,0.4,0.0,0.0,0.0,0.0,0.0
Xavier Weaver,ARI,WR,0.0,0.0,0.0,5.2,61.5,0.5,0.0,0.0,0.0,0.0,0.0
Luke Lachey,HOU,TE,0.0,0.0,0.0,5.5,56.5,0.5,0.0,0.0,0.0,0.0,0.0
Michael Woods II,CLE,WR,0.0,0.0,0.0,5.3,63.2,0.4,0.0,0.0,0.0,0.0,0.0
Tip Reiman,ARI,TE,0.0,0.0,0.0,5.5,50.5,0.6,0.0,0.0,0.0,0.0,0.0
Tanner Conner,MIA,TE,0.0,0.0,0.0,6.0,48.0,0.5,0.0,0.0,0.0,0.0,0.0
Trey Sermon,PIT,RB,5.0,58.2,0.4,3.0,20.8,0.1,0.0,0.0,0.0,0.0,0.0
LeQuint Allen Jr.,JAC,RB,4.0,50.9,0.6,3.0,22.0,0.0,0.0,0.0,0.0,0.0,0.0
Thomas Fidone II,NYG,TE,0.0,0.0,0.0,5.5,50.5,0.5,0.0,0.0,0.0,0.0,0.0
Michael Burton,DEN,RB,4.5,9.7,0.4,4.8,30.4,0.4,0.0,0.0,0.0,0.0,0.0
Ross Dwelley,SF,TE,0.0,0.0,0.0,4.0,64.0,0.5,0.0,0.0,0.0,0.0,0.0
Durham Smythe,CHI,TE,0.0,0.0,0.0,5.9,50.1,0.3,0.0,0.0,0.0,0.0,0.0
Parris Campbell,DAL,WR,0.0,0.0,0.0,5.5,52.3,0.3,0.0,0.0,0.0,0.0,0.0
Tommy Mellott,LV,QB,4.1,24.9,0.2,3.7,42.8,0.2,0.0,0.0,0.0,0.0,0.0
Mecole Hardman Jr.,GB,WR,0.0,3.7,0.0,4.6,50.6,0.5,0.0,0.0,0.0,0.0,0.0
Kimani Vidal,LAC,RB,6.7,53.6,0.4,2.4,16.7,0.0,0.0,0.0,0.0,0.0,0.0
Jordan Mims,TEN,RB,14.7,61.8,0.3,2.0,14.1,0.1,0.0,0.0,0.0,0.0,0.0
Jeremy McNichols,WAS,RB,14.6,59.9,0.6,1.5,7.3,0.0,0.0,0.0,0.0,0.0,0.0
Blake Whiteheart,CLE,TE,0.0,0.0,0.0,5.0,45.1,0.4,0.0,0.0,0.0,0.0,0.0
Jared Wiley,KC,TE,0.0,0.0,0.0,4.7,46.7,0.4,0.0,0.0,0.0,0.0,0.0
Teagan Quitoriano,ATL,TE,0.0,0.0,0.0,3.7,59.7,0.3,0.0,0.0,0.0,0.0,0.0
Lawrence Cager,WAS,WR,0.0,0.0,0.0,3.7,38.0,0.7,0.0,0.0,0.0,0.0,0.0
Bo Melton,GB,WR,1.1,6.9,0.0,3.8,46.5,0.4,0.0,0.0,0.0,0.0,0.0
Julius Chestnut,TEN,RB,9.8,41.2,0.1,3.4,24.4,0.1,0.0,0.0,0.0,0.0,0.0
DeeJay Dallas,ARI,RB,5.8,30.2,0.1,4.8,33.1,0.1,0.0,0.0,0.0,0.0,0.0
Jonathan Mingo,DAL,WR,0.0,0.0,0.0,4.5,53.8,0.2,0.0,0.0,0.0,0.0,0.0
C.J. Ham,MIN,RB,2.0,9.1,0.7,3.5,23.3,0.0,0.0,0.0,0.0,0.0,0.0
Hunter Luepke,DAL,RB,4.2,14.5,0.1,3.9,28.3,0.4,0.0,0.0,0.0,0.0,0.0
Patrick Ricard,BAL,RB,4.1,11.5,0.1,3.4,28.0,0.5,0.0,0.0,0.0,0.0,0.0
Rasheen Ali,BAL,RB,2.6,53.9,0.4,1.6,11.8,0.0,0.0,0.0,0.0,0.0,0.0
Lil'Jordan Humphrey,NYG,WR,0.0,0.0,0.0,4.0,42.0,0.3,0.0,0.0,0.0,0.0,0.0
Zach Pascal,NYG,WR,0.0,0.0,0.0,3.9,48.6,0.2,0.0,0.0,0.0,0.0,0.0
Kendric Pryor,CIN,WR,0.0,0.0,0.0,3.9,42.0,0.3,0.0,0.0,0.0,0.0,0.0
John Bates,WAS,TE,0.0,0.0,0.0,3.9,36.7,0.4,0.0,0.0,0.0,0.0,0.0
Javon Baker,NE,WR,0.0,0.0,0.0,3.3,44.4,0.4,0.0,0.0,0.0,0.0,0.0
Harrison Bryant,PHI,TE,0.0,0.0,0.0,3.9,37.5,0.4,0.0,0.0,0.0,0.0,0.0
Ronnie Rivers,LAR,RB,22.7,71.1,0.4,0.3,2.3,0.0,0.0,0.0,0.0,0.0,0.0
Frank Gore Jr.,BUF,RB,10.2,42.9,0.2,1.9,14.9,0.1,0.0,0.0,0.0,0.0,0.0
Carlos Washington Jr.,ATL,RB,9.3,38.9,0.3,2.1,14.2,0.1,0.0,0.0,0.0,0.0,0.0
Trishton Jackson,ARI,WR,0.0,0.0,0.0,3.5,40.7,0.3,0.0,0.0,0.0,0.0,0.0
Devin Duvernay,CHI,WR,0.0,3.7,0.0,4.5,42.1,0.2,0.0,0.0,0.0,0.0,0.0
Gary Brightwell,CIN,RB,8.1,33.9,0.2,2.4,16.8,0.1,0.0,0.0,0.0,0.0,0.0
Brenden Bates,CLE,TE,0.0,0.0,0.0,3.7,34.3,0.3,0.0,0.0,0.0,0.0,0.0
Jalen Brooks,DAL,WR,0.0,0.0,0.0,3.4,41.5,0.3,0.0,0.0,0.0,0.0,0.0
Dee Eskridge,MIA,WR,0.0,0.0,0.0,3.6,39.3,0.3,0.0,0.0,0.0,0.0,0.0
Irv Smith Jr.,HOU,TE,0.0,0.0,0.0,4.0,33.8,0.3,0.0,0.0,0.0,0.0,0.0
Steven Sims Jr.,SEA,WR,0.0,0.0,0.0,3.6,36.8,0.2,0.0,0.0,0.0,0.0,0.0
Tucker Fisk,LAC,TE,0.0,0.0,0.0,3.3,30.5,0.4,0.0,0.0,0.0,0.0,0.0
Chris Manhertz,NYG,TE,0.0,0.0,0.0,3.7,32.5,0.3,0.0,0.0,0.0,0.0,0.0
Brayden Willis,SF,TE,0.0,0.0,0.0,3.0,35.7,0.3,0.0,0.0,0.0,0.0,0.0
Eric Gray,NYG,RB,11.4,41.3,0.1,2.3,17.9,0.1,0.0,0.0,0.0,0.0,0.0
Kelvin Harmon,DAL,WR,0.0,0.0,0.0,3.5,39.5,0.2,0.0,0.0,0.0,0.0,0.0
Chris Blair,ATL,WR,0.0,0.0,0.0,3.1,35.6,0.3,0.0,0.0,0.0,0.0,0.0
J.J. Taylor,HOU,RB,0.0,0.0,0.0,4.2,28.1,0.2,0.0,0.0,0.0,0.0,0.0
Scotty Miller,PIT,WR,0.0,0.0,0.0,3.2,38.9,0.2,0.0,0.0,0.0,0.0,0.0
Scott Matlock,LAC,DT,0.0,0.0,0.0,4.3,29.1,0.1,0.0,0.0,0.0,0.0,0.0
KeAndre Lambert-Smith,LAC,WR,0.0,0.0,0.0,3.3,38.1,0.1,0.0,0.0,0.0,0.0,0.0
Hassan Haskins,LAC,RB,10.3,29.5,0.3,0.8,8.5,0.3,0.0,0.0,0.0,0.0,0.0
Brycen Tremayne,CAR,WR,0.0,0.0,0.0,3.0,34.0,0.2,0.0,0.0,0.0,0.0,0.0
Tyler Scott,CHI,WR,0.0,1.7,0.0,3.1,32.5,0.1,0.0,0.0,0.0,0.0,0.0
Greg Dulcich,NYG,TE,0.0,0.0,0.0,3.1,33.9,0.1,0.0,0.0,0.0,0.0,0.0
Zach Davidson,BUF,TE,0.0,0.0,0.0,2.7,27.4,0.3,0.0,0.0,0.0,0.0,0.0
Dante Pettis,NO,WR,1.1,4.5,0.0,2.6,30.4,0.1,0.0,0.0,0.0,0.0,0.0
Darrynton Evans,BUF,RB,5.1,21.4,0.1,1.9,15.3,0.1,0.0,0.0,0.0,0.0,0.0
Jamari Thrash,CLE,WR,0.0,0.0,0.0,2.7,33.0,0.1,0.0,0.0,0.0,0.0,0.0
LaJohntay Wester,BAL,WR,0.0,0.0,0.0,3.0,37.0,0.0,0.0,0.0,0.0,0.0,0.0
Jordan Watkins,SF,WR,0.0,0.0,0.0,2.6,33.5,0.1,0.0,0.0,0.0,0.0,0.0
Troy Hairston II,CLE,RB,2.2,9.7,0.1,2.3,18.1,0.1,0.0,0.0,0.0,0.0,0.0
Kenny Yeboah,DET,TE,0.0,0.0,0.0,2.7,27.0,0.1,0.0,0.0,0.0,0.0,0.0
Velus Jones Jr.,NO,WR,2.4,10.2,0.1,2.0,14.9,0.1,0.0,0.0,0.0,0.0,0.0
Elijah Dotson,ATL,RB,2.6,10.9,0.1,2.0,14.2,0.1,0.0,0.0,0.0,0.0,0.0
Terrell Jennings,NE,RB,2.4,10.1,0.1,1.9,14.5,0.1,0.0,0.0,0.0,0.0,0.0
Isaiah Williams,CIN,WR,0.0,0.0,0.0,2.0,20.8,0.2,0.0,0.0,0.0,0.0,0.0
Trey Palmer,TB,WR,0.0,0.0,0.0,2.0,23.2,0.1,0.0,0.0,0.0,0.0,0.0
John Stephens Jr.,DAL,WR,0.0,0.0,0.0,2.1,20.1,0.2,0.0,0.0,0.0,0.0,0.0
Trent Sherfield Sr.,DEN,WR,0.0,0.0,0.0,2.2,23.6,0.1,0.0,0.0,0.0,0.0,0.0
Avery Williams,PHI,RB,1.4,15.0,0.0,2.2,15.8,0.1,0.0,0.0,0.0,0.0,0.0
Laviska Shenault Jr.,BUF,WR,0.0,0.0,0.0,1.8,19.6,0.1,0.0,0.0,0.0,0.0,0.0
Isaiah Neyor,SF,WR,0.0,0.0,0.0,2.0,24.0,0.0,0.0,0.0,0.0,0.0,0.0
Xavier Gipson,NYJ,WR,0.0,1.7,0.0,2.5,26.2,0.0,0.0,0.0,0.0,0.0,0.0
Jalen Reagor,LAC,WR,0.0,0.0,0.0,1.5,20.5,0.1,0.0,0.0,0.0,0.0,0.0
Anthony Gould,IND,WR,0.0,1.7,0.0,1.8,20.3,0.0,0.0,0.0,0.0,0.0,0.0
James Mitchell,CAR,TE,0.0,0.0,0.0,1.8,18.0,0.1,0.0,0.0,0.0,0.0,0.0
Austin Trammell,JAC,WR,0.0,0.0,0.0,1.7,20.1,0.1,0.0,0.0,0.0,0.0,0.0
Robbie Ouzts,SEA,TE,0.0,0.0,0.0,2.0,15.0,0.1,0.0,0.0,0.0,0.0,0.0
Xavier Smith,LAR,WR,1.1,10.4,0.0,1.6,18.8,0.0,0.0,0.0,0.0,0.0,0.0
Miles Boykin,CHI,WR,0.0,0.0,0.0,1.6,18.0,0.1,0.0,0.0,0.0,0.0,0.0
Raheim Sanders,LAC,RB,0.0,21.0,0.0,1.0,7.0,0.0,0.0,0.0,0.0,0.0,0.0
Marcus Yarns,NO,RB,0.0,21.0,0.0,1.0,7.0,0.0,0.0,0.0,0.0,0.0,0.0
Israel Abanikanda,SF,RB,2.4,10.1,0.1,1.0,7.4,0.1,0.0,0.0,0.0,0.0,0.0
Tim Jones,MIN,WR,0.0,0.0,0.0,1.3,15.0,0.1,0.0,0.0,0.0,0.0,0.0
Jacob Cowing,SF,WR,2.2,10.5,0.1,0.8,10.5,0.1,0.0,0.0,0.0,0.0,0.0
Keilan Robinson,PHI,RB,0.0,16.5,0.0,1.0,7.0,0.0,0.0,0.0,0.0,0.0,0.0
Jimmy Horn Jr.,CAR,WR,0.0,0.0,0.0,1.5,18.0,0.0,0.0,0.0,0.0,0.0,0.0
Tyler Badie,DEN,RB,0.0,13.7,0.0,1.0,7.3,0.0,0.0,0.0,0.0,0.0,0.0
Dylan Laube,LV,RB,0.0,8.3,0.0,1.0,7.3,0.0,0.0,0.0,0.0,0.0,0.0
Sione Vaki,DET,RB,0.0,7.3,0.0,1.0,7.7,0.0,0.0,0.0,0.0,0.0,0.0
Ryan Flournoy,DAL,WR,0.0,0.0,0.0,1.0,10.3,0.1,0.0,0.0,0.0,0.0,0.0
Trayveon Williams,NE,RB,1.2,5.2,0.0,1.0,7.0,0.0,0.0,0.0,0.0,0.0,0.0
Feleipe Franks,ATL,QB,0.0,0.0,0.0,0.9,8.8,0.1,0.0,0.0,0.0,0.0,0.0
Dallin Holker,NO,TE,0.0,0.0,0.0,1.0,9.3,0.1,0.0,0.0,0.0,0.0,0.0
Braxton Berrios,HOU,WR,0.0,0.0,0.0,1.0,10.3,0.0,0.0,0.0,0.0,0.0,0.0
Donovan Edwards,NYJ,RB,0.0,10.5,0.0,0.5,3.5,0.0,0.0,0.0,0.0,0.0,0.0
Corey Kiner,SF,RB,0.0,10.5,0.0,0.5,3.5,0.0,0.0,0.0,0.0,0.0,0.0
Phil Mafah,DAL,RB,0.0,10.5,0.0,0.5,3.5,0.0,0.0,0.0,0.0,0.0,0.0
Rakim Jarrett,TB,WR,0.0,1.7,0.0,0.7,8.3,0.0,0.0,0.0,0.0,0.0,0.0
Chris Moore,WAS,WR,0.0,0.0,0.0,0.3,4.7,0.0,0.0,0.0,0.0,0.0,0.0
Trent Taylor,SF,WR,0.0,0.0,0.0,0.0,0.0,0.0,0.0,0.0,0.0,0.0,0.0
Collin Johnson,LV,WR,0.0,0.0,0.0,0.0,0.0,0.0,0.0,0.0,0.0,0.0,0.0
James Proche II,TEN,WR,0.0,0.0,0.0,0.0,0.0,0.0,0.0,0.0,0.0,0.0,0.0
Malik Taylor,DET,WR,0.0,0.0,0.0,0.0,0.0,0.0,0.0,0.0,0.0,0.0,0.0
Donovan Peoples-Jones,NO,WR,0.0,0.0,0.0,0.0,0.0,0.0,0.0,0.0,0.0,0.0,0.0
Dan Chisena,CAR,WR,0.0,0.0,0.0,0.0,0.0,0.0,0.0,0.0,0.0,0.0,0.0
Terrace Marshall Jr.,PHI,WR,0.0,0.0,0.0,0.0,0.0,0.0,0.0,0.0,0.0,0.0,0.0
Tom Kennedy,DET,WR,0.0,0.0,0.0,0.0,0.0,0.0,0.0,0.0,0.0,0.0,0.0
Brandon Smith,NYJ,WR,0.0,0.0,0.0,0.0,0.0,0.0,0.0,0.0,0.0,0.0,0.0
Mason Kinsey,TEN,WR,0.0,0.0,0.0,0.0,0.0,0.0,0.0,0.0,0.0,0.0,0.0
Tarik Black,MIA,WR,0.0,0.0,0.0,0.0,0.0,0.0,0.0,0.0,0.0,0.0,0.0
Britain Covey,LAR,WR,0.0,0.0,0.0,0.0,0.0,0.0,0.0,0.0,0.0,0.0,0.0
Dennis Houston,TB,WR,0.0,0.0,0.0,0.0,0.0,0.0,0.0,0.0,0.0,0.0,0.0
Montrell Washington,NYG,WR,0.0,0.0,0.0,0.0,0.0,0.0,0.0,0.0,0.0,0.0,0.0
Danny Gray,PHI,WR,0.0,0.0,0.0,0.0,0.0,0.0,0.0,0.0,0.0,0.0,0.0
Tyquan Thornton,KC,WR,0.0,0.0,0.0,0.0,0.0,0.0,0.0,0.0,0.0,0.0,0.0
Isaiah Hodgins,SF,WR,0.0,0.0,0.0,0.0,0.0,0.0,0.0,0.0,0.0,0.0,0.0
Brandon Johnson,PIT,WR,0.0,0.0,0.0,0.0,0.0,0.0,0.0,0.0,0.0,0.0,0.0
Lance McCutcheon,PIT,WR,0.0,0.0,0.0,0.0,0.0,0.0,0.0,0.0,0.0,0.0,0.0
Ronnie Bell,DET,WR,0.0,0.0,0.0,0.0,0.0,0.0,0.0,0.0,0.0,0.0,0.0
Colton Dowell,TEN,WR,0.0,0.0,0.0,0.0,0.0,0.0,0.0,0.0,0.0,0.0,0.0
Malik Cunningham,BAL,QB,0.0,0.0,0.0,0.0,0.0,0.0,0.0,0.0,0.0,0.0,0.0
Shedrick Jackson,LV,WR,0.0,0.0,0.0,0.0,0.0,0.0,0.0,0.0,0.0,0.0,0.0
Jason Brownlee,KC,WR,0.0,0.0,0.0,0.0,0.0,0.0,0.0,0.0,0.0,0.0,0.0
Elijah Cooks,PHI,WR,0.0,0.0,0.0,0.0,0.0,0.0,0.0,0.0,0.0,0.0,0.0
Mason Tipton,NO,WR,0.0,0.0,0.0,0.0,0.0,0.0,0.0,0.0,0.0,0.0,0.0
Kameron Johnson,TB,WR,0.0,0.0,0.0,0.0,0.0,0.0,0.0,0.0,0.0,0.0,0.0
Bryce Ford-Wheaton,NYG,WR,0.0,0.0,0.0,0.0,0.0,0.0,0.0,0.0,0.0,0.0,0.0
Andrew Beck,NYJ,TE,0.0,0.0,0.0,0.0,0.0,0.0,0.0,0.0,0.0,0.0,0.0
Jakob Johnson,HOU,RB,0.0,0.0,0.0,0.0,0.0,0.0,0.0,0.0,0.0,0.0,0.0
Reggie Gilliam,BUF,RB,0.0,0.0,0.0,0.0,0.0,0.0,0.0,0.0,0.0,0.0,0.0
Salvon Ahmed,IND,RB,0.0,0.0,0.0,0.0,0.0,0.0,0.0,0.0,0.0,0.0,0.0
Demetric Felton Jr.,WAS,RB,0.0,0.0,0.0,0.0,0.0,0.0,0.0,0.0,0.0,0.0,0.0
Zach Evans,NYJ,RB,0.0,0.0,0.0,0.0,0.0,0.0,0.0,0.0,0.0,0.0,0.0
Evan Hull,PIT,RB,0.0,0.0,0.0,0.0,0.0,0.0,0.0,0.0,0.0,0.0,0.0
Brady Russell,SEA,TE,0.0,0.0,0.0,0.0,0.0,0.0,0.0,0.0,0.0,0.0,0.0
British Brooks,HOU,RB,0.0,0.0,0.0,0.0,0.0,0.0,0.0,0.0,0.0,0.0,0.0
Chris Collier,LV,RB,0.0,0.0,0.0,0.0,0.0,0.0,0.0,0.0,0.0,0.0,0.0
Blake Watson,DEN,RB,0.0,0.0,0.0,0.0,0.0,0.0,0.0,0.0,0.0,0.0,0.0
D.J. Williams,TB,RB,0.0,0.0,0.0,0.0,0.0,0.0,0.0,0.0,0.0,0.0,0.0
Dante Miller,NYG,RB,0.0,0.0,0.0,0.0,0.0,0.0,0.0,0.0,0.0,0.0,0.0
George Holani,SEA,RB,0.0,0.0,0.0,0.0,0.0,0.0,0.0,0.0,0.0,0.0,0.0
Cody Schrader,LAR,RB,0.0,0.0,0.0,0.0,0.0,0.0,0.0,0.0,0.0,0.0,0.0
Kene Nwangwu,NYJ,RB,0.0,0.0,0.0,0.0,0.0,0.0,0.0,0.0,0.0,0.0,0.0
Jaret Patterson,LAC,RB,0.0,0.0,0.0,0.0,0.0,0.0,0.0,0.0,0.0,0.0,0.0
Keaontay Ingram,KC,RB,0.0,0.0,0.0,0.0,0.0,0.0,0.0,0.0,0.0,0.0,0.0
Lew Nichols III,PHI,RB,0.0,0.0,0.0,0.0,0.0,0.0,0.0,0.0,0.0,0.0,0.0
Ben VanSumeren,PHI,LB,0.0,0.0,0.0,0.0,0.0,0.0,0.0,0.0,0.0,0.0,0.0
Jashaun Corbin,ATL,RB,0.0,0.0,0.0,0.0,0.0,0.0,0.0,0.0,0.0,0.0,0.0
Jonathon Brooks,CAR,RB,0.0,0.0,0.0,0.0,0.0,0.0,0.0,0.0,0.0,0.0,0.0
Jawhar Jordan,HOU,RB,0.0,0.0,0.0,0.0,0.0,0.0,0.0,0.0,0.0,0.0,0.0
Louis Rees-Zammit,JAC,RB,0.0,0.0,0.0,0.0,0.0,0.0,0.0,0.0,0.0,0.0,0.0
Michael Wiley,WAS,RB,0.0,0.0,0.0,0.0,0.0,0.0,0.0,0.0,0.0,0.0,0.0
Kendall Milton,CIN,RB,0.0,0.0,0.0,0.0,0.0,0.0,0.0,0.0,0.0,0.0,0.0
Ryan Miller,TB,WR,0.0,0.0,0.0,0.0,0.0,0.0,0.0,0.0,0.0,0.0,0.0
Casey Washington,ATL,WR,0.0,0.0,0.0,0.0,0.0,0.0,0.0,0.0,0.0,0.0,0.0
Bryce Oliver,TEN,WR,0.0,0.0,0.0,0.0,0.0,0.0,0.0,0.0,0.0,0.0,0.0
Kevin Austin Jr.,NO,WR,0.0,0.0,0.0,0.0,0.0,0.0,0.0,0.0,0.0,0.0,0.0
Kaden Davis,CLE,WR,0.0,0.0,0.0,0.0,0.0,0.0,0.0,0.0,0.0,0.0,0.0
Jared Wayne,HOU,WR,0.0,0.0,0.0,0.0,0.0,0.0,0.0,0.0,0.0,0.0,0.0
Laquon Treadwell,IND,WR,0.0,0.0,0.0,0.0,0.0,0.0,0.0,0.0,0.0,0.0,0.0
Keith Kirkwood,BAL,WR,0.0,0.0,0.0,0.0,0.0,0.0,0.0,0.0,0.0,0.0,0.0
Robert Tonyan,KC,TE,0.0,0.0,0.0,0.0,0.0,0.0,0.0,0.0,0.0,0.0,0.0
Josiah Deguara,ARI,TE,0.0,0.0,0.0,0.0,0.0,0.0,0.0,0.0,0.0,0.0,0.0
Albert Okwuegbunam Jr.,IND,TE,0.0,0.0,0.0,0.0,0.0,0.0,0.0,0.0,0.0,0.0,0.0
Sean McKeon,IND,TE,0.0,0.0,0.0,0.0,0.0,0.0,0.0,0.0,0.0,0.0,0.0
Jack Stoll,NO,TE,0.0,0.0,0.0,0.0,0.0,0.0,0.0,0.0,0.0,0.0,0.0
Shane Zylstra,DET,TE,0.0,0.0,0.0,0.0,0.0,0.0,0.0,0.0,0.0,0.0,0.0
Ko Kieft,TB,TE,0.0,0.0,0.0,0.0,0.0,0.0,0.0,0.0,0.0,0.0,0.0
Jake Tonges,SF,TE,0.0,0.0,0.0,0.0,0.0,0.0,0.0,0.0,0.0,0.0,0.0
John FitzPatrick,GB,TE,0.0,0.0,0.0,0.0,0.0,0.0,0.0,0.0,0.0,0.0,0.0
Ben Sims,GB,TE,0.0,0.0,0.0,0.0,0.0,0.0,0.0,0.0,0.0,0.0,0.0
Zack Kuntz,NYJ,TE,0.0,0.0,0.0,0.0,0.0,0.0,0.0,0.0,0.0,0.0,0.0
Princeton Fant,DAL,TE,0.0,0.0,0.0,0.0,0.0,0.0,0.0,0.0,0.0,0.0,0.0
Justin Shorter,LV,WR,0.0,0.0,0.0,0.0,0.0,0.0,0.0,0.0,0.0,0.0,0.0
David Martin-Robinson,TEN,TE,0.0,0.0,0.0,0.0,0.0,0.0,0.0,0.0,0.0,0.0,0.0
Tyree Jackson,WAS,TE,0.0,0.0,0.0,0.0,0.0,0.0,0.0,0.0,0.0,0.0,0.0
Stephen Carlson,CHI,TE,0.0,0.0,0.0,0.0,0.0,0.0,0.0,0.0,0.0,0.0,0.0
Cole Turner,WAS,TE,0.0,0.0,0.0,0.0,0.0,0.0,0.0,0.0,0.0,0.0,0.0
Nick Muse,PHI,TE,0.0,0.0,0.0,0.0,0.0,0.0,0.0,0.0,0.0,0.0,0.0
Nikola Kalinic,ATL,TE,0.0,0.0,0.0,0.0,0.0,0.0,0.0,0.0,0.0,0.0,0.0
Cameron Latu,PHI,TE,0.0,0.0,0.0,0.0,0.0,0.0,0.0,0.0,0.0,0.0,0.0
Travis Vokolek,ARI,TE,0.0,0.0,0.0,0.0,0.0,0.0,0.0,0.0,0.0,0.0,0.0
Colson Yankoff,WAS,TE,0.0,0.0,0.0,0.0,0.0,0.0,0.0,0.0,0.0,0.0,0.0
Thomas Odukoya,TEN,TE,0.0,0.0,0.0,0.0,0.0,0.0,0.0,0.0,0.0,0.0,0.0
E.J. Jenkins,PHI,TE,0.0,0.0,0.0,0.0,0.0,0.0,0.0,0.0,0.0,0.0,0.0
Jack Westover,NE,TE,0.0,0.0,0.0,0.0,0.0,0.0,0.0,0.0,0.0,0.0,0.0
Caleb Lohner,DEN,TE,0.0,0.0,0.0,0.0,0.0,0.0,0.0,0.0,0.0,0.0,0.0
Moliki Matavao,NO,TE,0.0,0.0,0.0,0.0,0.0,0.0,0.0,0.0,0.0,0.0,0.0
Stephen Sullivan,CAR,TE,0.0,0.0,0.0,0.0,0.0,0.0,0.0,0.0,0.0,0.0,0.0
Nikko Remigio,KC,WR,0.0,0.0,0.0,0.2,2.6,0.0,0.0,0.0,0.0,0.0,0.0
Ihmir Smith-Marsette,NYG,WR,0.0,1.7,0.0,0.0,0.0,0.0,0.0,0.0,0.0,0.0,0.0
Lamar Jackson,BAL,QB,138.5,832.7,4.1,0.0,0.0,0.0,480.6,320.8,3923.9,32.5,8.3
Josh Allen,BUF,QB,115.8,572.3,10.6,0.0,0.0,0.0,521.8,334.0,3912.3,29.0,10.5
Jalen Hurts,PHI,QB,147.4,633.7,12.7,0.0,0.0,0.0,461.0,311.4,3501.1,23.6,8.8
Jayden Daniels,WAS,QB,136.6,747.2,5.6,0.0,0.0,0.0,536.0,364.3,3899.3,26.8,10.7
Joe Burrow,CIN,QB,48.2,180.4,2.1,0.0,0.0,0.0,628.9,435.3,4645.5,36.4,10.5
Patrick Mahomes II,KC,QB,76.3,358.1,2.8,0.0,0.0,0.0,605.1,409.1,4227.9,29.9,12.2
Baker Mayfield,TB,QB,64.2,287.6,2.6,0.0,0.0,0.0,558.3,386.7,4189.6,33.0,14.7
Kyler Murray,ARI,QB,88.6,539.0,5.1,0.0,0.0,0.0,543.4,371.1,3856.7,24.0,11.2
Brock Purdy,SF,QB,65.1,276.7,3.4,0.0,0.0,0.0,527.4,352.4,4306.7,27.1,12.7
Bo Nix,DEN,QB,88.5,421.0,3.5,0.0,0.0,0.0,560.3,366.3,3806.0,27.3,12.1
Justin Fields,NYJ,QB,125.3,705.4,6.0,0.0,0.0,0.0,515.7,320.8,3344.7,20.0,11.4
Jared Goff,DET,QB,32.7,68.9,0.6,0.0,0.0,0.0,554.6,383.9,4406.0,31.3,11.5
J.J. McCarthy,MIN,QB,54.9,258.1,1.7,0.0,0.0,0.0,569.7,372.9,4088.8,28.5,14.6
Dak Prescott,DAL,QB,42.7,175.5,1.9,0.0,0.0,0.0,600.2,394.6,4212.4,27.4,12.0
Justin Herbert,LAC,QB,64.3,272.3,2.6,0.0,0.0,0.0,534.5,351.0,3931.7,25.4,8.4
Caleb Williams,CHI,QB,87.5,472.2,2.4,0.0,0.0,0.0,562.2,357.2,3742.6,23.4,10.3
Jordan Love,GB,QB,40.3,163.5,1.9,0.0,0.0,0.0,510.7,327.8,3918.6,28.0,12.2
C.J. Stroud,HOU,QB,59.1,258.2,1.7,0.0,0.0,0.0,556.5,358.0,4033.1,24.8,10.8
Trevor Lawrence,JAC,QB,54.9,251.8,3.0,0.0,0.0,0.0,552.6,354.0,3950.6,22.9,13.2
Drake Maye,NE,QB,76.4,481.9,3.0,0.0,0.0,0.0,519.7,345.9,3531.5,21.5,12.9
Matthew Stafford,LAR,QB,30.0,71.3,0.5,0.0,0.0,0.0,563.7,370.0,4121.8,26.4,11.0
Michael Penix Jr.,ATL,QB,52.1,196.5,2.1,0.0,0.0,0.0,544.1,346.5,3903.6,23.7,13.3
Geno Smith,LV,QB,54.1,236.8,1.6,0.0,0.0,0.0,569.5,382.2,3986.4,21.9,13.7
Sam Darnold,SEA,QB,57.5,201.3,1.8,0.0,0.0,0.0,557.5,366.9,3950.9,23.5,14.5
Tua Tagovailoa,MIA,QB,26.8,80.5,0.5,0.0,0.0,0.0,576.0,399.8,4120.1,25.9,12.0
Cameron Ward,TEN,QB,74.2,329.9,2.4,0.0,0.0,0.0,520.9,332.2,3595.1,21.5,13.9
Bryce Young,CAR,QB,53.4,296.5,3.1,0.0,0.0,0.0,550.7,349.3,3534.1,20.7,12.2
Aaron Rodgers,PIT,QB,22.4,83.3,0.4,0.0,0.0,0.0,543.0,348.3,3749.4,23.3,9.7
Anthony Richardson Sr.,IND,QB,98.0,529.1,5.1,0.0,0.0,0.0,357.1,198.6,2518.3,14.7,11.6
Russell Wilson,NYG,QB,51.8,210.9,1.8,0.0,0.0,0.0,439.8,280.8,2914.7,15.6,8.4
Tyler Shough,NO,QB,46.6,218.3,1.7,0.0,0.0,0.0,427.0,269.8,2851.3,15.6,11.2
Joe Flacco,CLE,QB,6.4,29.7,0.5,0.0,0.0,0.0,253.9,162.3,1861.4,9.4,7.1
Daniel Jones,IND,QB,30.7,133.6,1.1,0.0,0.0,0.0,146.0,90.4,967.6,5.1,3.3
Dillon Gabriel,CLE,QB,15.8,57.4,0.4,0.0,0.0,0.0,172.3,107.0,958.4,4.6,3.7
Spencer Rattler,NO,QB,14.6,86.7,0.3,0.0,0.0,0.0,117.2,71.7,801.8,3.9,3.2
Kenny Pickett,CLE,QB,10.8,30.1,0.3,0.0,0.0,0.0,144.8,89.1,790.4,3.7,3.5
Jaxson Dart,NYG,QB,10.9,53.8,0.5,0.0,0.0,0.0,90.0,56.4,651.9,3.7,2.7
Shedeur Sanders,CLE,QB,11.9,40.7,0.3,0.0,0.0,0.0,99.8,60.5,605.7,3.2,2.5
Jalen Milroe,SEA,QB,23.7,113.5,1.0,0.0,0.0,0.0,14.3,9.0,172.5,1.0,1.0
Mason Rudolph,PIT,QB,18.8,71.0,0.5,0.0,0.0,0.0,20.4,13.5,232.9,1.5,1.1
Deshaun Watson,CLE,QB,0.0,23.5,0.5,0.0,0.0,0.0,0.0,0.0,197.5,1.0,1.0
Malik Willis,GB,QB,4.6,28.4,0.4,0.0,0.0,0.0,17.5,11.1,143.9,0.8,0.2
Kirk Cousins,ATL,QB,1.7,7.6,0.3,0.0,0.0,0.0,9.4,6.1,216.7,1.3,0.8
Jameis Winston,NYG,QB,1.8,8.4,0.0,0.0,0.0,0.0,21.8,13.8,204.2,1.2,1.0
Tyrod Taylor,NYJ,QB,4.9,21.0,0.2,0.0,0.0,0.0,19.0,12.0,147.4,0.7,0.9
Marcus Mariota,WAS,QB,3.4,17.2,0.0,0.0,0.0,0.0,16.9,11.4,136.1,0.9,0.2
Mac Jones,SF,QB,1.8,7.6,0.0,0.0,0.0,0.0,19.2,12.2,157.2,0.8,0.6
Joshua Dobbs,NE,QB,1.8,12.6,0.0,0.0,0.0,0.0,18.4,11.9,140.1,0.8,0.6
Jimmy Garoppolo,LAR,QB,1.0,4.9,0.0,0.0,0.0,0.0,17.2,11.0,139.0,0.9,0.4
Zach Wilson,MIA,QB,2.6,9.2,0.0,0.0,0.0,0.0,17.2,11.1,123.6,0.8,0.3
Gardner Minshew II,KC,QB,1.8,7.8,0.0,0.0,0.0,0.0,16.1,10.7,138.2,1.1,0.4
Aidan O'Connell,LV,QB,1.5,4.9,0.0,0.0,0.0,0.0,18.8,12.2,149.0,0.8,0.4
Jake Browning,CIN,QB,1.1,8.4,0.0,0.0,0.0,0.0,10.7,7.3,112.5,0.8,0.3
Jacoby Brissett,ARI,QB,1.8,9.1,0.0,0.0,0.0,0.0,15.6,10.4,131.6,0.6,0.4
Nick Mullens,JAC,QB,1.4,6.5,0.0,0.0,0.0,0.0,9.3,6.3,108.6,0.8,0.6
Joe Milton III,DAL,QB,1.4,11.8,0.0,0.0,0.0,0.0,10.6,6.9,103.6,0.6,0.3
Hendon Hooker,DET,QB,1.8,7.0,0.0,0.0,0.0,0.0,8.8,6.1,106.2,0.6,0.3
Mitchell Trubisky,BUF,QB,1.8,7.9,0.0,0.0,0.0,0.0,8.8,5.4,99.3,0.6,0.3
Jarrett Stidham,DEN,QB,1.5,7.1,0.0,0.0,0.0,0.0,9.2,6.1,95.1,0.6,0.3
Davis Mills,HOU,QB,1.4,6.4,0.0,0.0,0.0,0.0,9.3,5.6,96.5,0.6,0.3
Cooper Rush,BAL,QB,2.1,10.1,0.0,0.0,0.0,0.0,8.1,5.4,101.2,0.6,0.3
Drew Lock,SEA,QB,1.4,6.4,0.0,0.0,0.0,0.0,9.6,6.2,99.2,0.6,0.5
Tanner McKee,PHI,QB,2.1,6.0,0.0,0.0,0.0,0.0,7.4,4.7,93.6,0.6,0.3
Stetson Bennett,LAR,QB,0.0,9.0,0.0,0.0,0.0,0.0,0.0,0.0,96.0,0.5,0.5
Tyson Bagent,CHI,QB,1.7,10.8,0.0,0.0,0.0,0.0,7.7,4.7,83.8,0.5,0.3
Andy Dalton,CAR,QB,1.4,6.7,0.0,0.0,0.0,0.0,9.0,6.0,93.6,0.6,0.5
Desmond Ridder,CIN,QB,0.0,4.0,0.0,0.0,0.0,0.0,0.0,0.0,97.0,0.5,0.5
Josh Johnson,WAS,QB,1.7,5.8,0.0,0.0,0.0,0.0,7.0,5.0,81.8,0.5,0.3
Trey Lance,LAC,QB,1.3,14.0,0.0,0.0,0.0,0.0,7.0,4.3,82.8,0.3,0.3
Quinn Ewers,MIA,QB,1.0,4.5,0.0,0.0,0.0,0.0,9.0,6.0,63.0,0.5,0.0
Sam Howell,MIN,QB,1.8,7.9,0.0,0.0,0.0,0.0,9.7,5.9,70.6,0.4,0.4
Kyle Trask,TB,QB,0.1,3.0,0.0,0.0,0.0,0.0,2.8,1.7,80.1,0.4,0.4
Cam Miller,LV,QB,1.0,3.5,0.0,0.0,0.0,0.0,9.0,6.0,62.0,0.5,0.0
Graham Mertz,HOU,QB,1.0,4.0,0.0,0.0,0.0,0.0,8.5,5.5,60.0,0.5,0.0
Kyle McCord,PHI,QB,1.5,7.0,0.0,0.0,0.0,0.0,6.5,4.5,51.5,0.5,0.0
Taylor Heinicke,LAC,QB,0.2,3.4,0.0,0.0,0.0,0.0,2.8,1.8,77.8,0.4,0.4
Will Howard,PIT,QB,1.0,4.0,0.0,0.0,0.0,0.0,8.0,5.0,57.0,0.5,0.0
Clayton Tune,ARI,QB,1.7,3.5,0.0,0.0,0.0,0.0,6.3,4.3,68.8,0.5,0.3
Case Keenum,CHI,QB,0.8,1.6,0.0,0.0,0.0,0.0,9.6,5.8,61.3,0.4,0.1
Riley Leonard,IND,QB,1.0,5.0,0.0,0.0,0.0,0.0,7.5,4.0,52.0,0.5,0.5
Jake Haener,NO,QB,1.7,7.7,0.0,0.0,0.0,0.0,7.3,4.3,45.7,0.3,0.3
Brandon Allen,TEN,QB,1.3,3.7,0.0,0.0,0.0,0.0,6.7,4.3,47.3,0.3,0.3
Kyle Allen,DET,QB,0.0,0.0,0.0,0.0,0.0,0.0,0.0,0.0,0.0,0.0,0.0
Tim Boyle,TEN,QB,0.0,0.0,0.0,0.0,0.0,0.0,0.0,0.0,0.0,0.0,0.0
Will Grier,DAL,QB,0.0,0.0,0.0,0.0,0.0,0.0,0.0,0.0,0.0,0.0,0.0
Brett Rypien,MIN,QB,0.0,0.0,0.0,0.0,0.0,0.0,0.0,0.0,0.0,0.0,0.0
Easton Stick,ATL,QB,0.0,0.0,0.0,0.0,0.0,0.0,0.0,0.0,0.0,0.0,0.0
John Wolford,JAC,QB,0.0,0.0,0.0,0.0,0.0,0.0,0.0,0.0,0.0,0.0,0.0
Sam Ehlinger,DEN,QB,0.0,0.0,0.0,0.0,0.0,0.0,0.0,0.0,0.0,0.0,0.0
Bailey Zappe,KC,QB,0.0,0.0,0.0,0.0,0.0,0.0,0.0,0.0,0.0,0.0,0.0
Skylar Thompson,PIT,QB,0.0,0.0,0.0,0.0,0.0,0.0,0.0,0.0,0.0,0.0,0.0
Sean Clifford,GB,QB,0.0,0.0,0.0,0.0,0.0,0.0,0.0,0.0,0.0,0.0,0.0
Dorian Thompson-Robinson,PHI,QB,0.0,0.0,0.0,0.0,0.0,0.0,0.0,0.0,0.0,0.0,0.0
Tommy DeVito,NYG,QB,0.0,0.0,0.0,0.0,0.0,0.0,0.0,0.0,0.0,0.0,0.0
Mike White,BUF,QB,0.0,0.0,0.0,0.0,0.0,0.0,0.0,0.0,0.0,0.0,0.0
Chris Oladokun,KC,QB,0.0,0.0,0.0,0.0,0.0,0.0,0.0,0.0,0.0,0.0,0.0
Shane Buechele,BUF,QB,0.0,0.0,0.0,0.0,0.0,0.0,0.0,0.0,0.0,0.0,0.0
Devin Leary,BAL,QB,0.0,0.0,0.0,0.0,0.0,0.0,0.0,0.0,0.0,0.0,0.0
Michael Pratt,TB,QB,0.0,0.0,0.0,0.0,0.0,0.0,0.0,0.0,0.0,0.0,0.0
Kurtis Rourke,SF,QB,0.0,0.0,0.0,0.0,0.0,0.0,0.0,0.0,0.0,0.0,0.0
